pdb_id,chain_id,resseq,icode,aa,ss,ss_H,ss_E,ss_C,ACC,RASA,phi,psi,NH_O_1_energy,O_NH_1_energy,NH_O_2_energy,O_NH_2_energy,ASA_complex,ASA_chain,Delta_ASA,ASA_ratio
1KTZ,A,13, ,E,-,0.0,0.0,1.0,182.0,0.0,0.0,169.7,0.0,-0.3,0.0,-0.1,179.8356621999938,179.8356621999938,0.0,1.0
1KTZ,A,14, ,N,-,0.0,0.0,1.0,102.0,0.0,-149.5,-174.7,-0.1,-0.4,-0.1,-0.1,92.02831508376731,92.02831508376731,0.0,1.0
1KTZ,A,15, ,C,-,0.0,0.0,1.0,10.0,0.0,-79.0,125.7,-0.8,-0.3,-0.3,-0.3,12.915987988801666,12.915987988801666,0.0,1.0
1KTZ,A,16, ,C,E,0.0,1.0,0.0,74.0,0.0,-168.0,176.2,-2.1,-1.9,-0.4,-0.2,76.73575675842089,76.73575675842089,0.0,1.0
1KTZ,A,17, ,V,E,0.0,1.0,0.0,46.0,0.0,-69.3,129.1,-0.3,-0.2,-0.2,-0.1,49.058782320226506,49.058782320226506,0.0,1.0
1KTZ,A,18, ,R,E,0.0,1.0,0.0,66.0,0.0,-112.6,134.0,-3.6,-1.9,-0.2,-0.1,66.77857701763847,66.77857701763847,0.0,1.0
1KTZ,A,19, ,P,-,0.0,0.0,1.0,96.0,0.0,-66.1,140.1,0.0,-0.3,0.0,-0.0,97.9123008304491,97.9123008304491,0.0,1.0
1KTZ,A,20, ,L,-,0.0,0.0,1.0,67.0,0.0,-153.2,116.9,-0.1,-2.0,-0.0,-1.9,64.53263279463303,64.53263279463303,0.0,1.0
1KTZ,A,21, ,Y,E,0.0,1.0,0.0,108.0,0.0,-91.6,132.2,-0.3,-0.4,-0.3,-0.3,108.32434129956927,108.32434129956927,0.0,1.0
1KTZ,A,22, ,I,E,0.0,1.0,0.0,29.0,0.0,-114.9,130.9,-3.3,-2.5,-0.4,-0.6,30.064910795160415,30.064910795160415,0.0,1.0
1KTZ,A,23, ,D,E,0.0,1.0,0.0,32.0,0.0,-101.2,122.1,-0.4,-2.7,-0.3,-1.1,31.72942606679965,31.72942606679965,0.0,1.0
1KTZ,A,24, ,F,I,0.0,0.0,1.0,4.0,0.0,-54.5,-51.7,-2.0,-2.1,-0.6,-1.1,3.3964543576122646,3.3964543576122646,0.0,1.0
1KTZ,A,25, ,R,I,0.0,0.0,1.0,108.0,0.0,-67.5,-51.9,-0.5,-0.5,-0.2,-0.2,112.80412545088524,141.77428938104006,28.970163930154825,0.7956599602323304
1KTZ,A,26, ,Q,I,0.0,0.0,1.0,150.0,0.0,-69.1,-42.5,-0.1,-0.2,-0.1,-0.1,143.3130375357775,143.3130375357775,0.0,1.0
1KTZ,A,27, ,D,I,0.0,0.0,1.0,73.0,0.0,-98.4,-33.3,-2.7,-0.2,-0.1,-0.1,72.62208203398181,72.62208203398181,0.0,1.0
1KTZ,A,28, ,L,I,0.0,0.0,1.0,67.0,0.0,-100.5,-14.5,-1.1,-0.2,-1.1,-0.1,70.26212810458067,70.26212810458067,0.0,1.0
1KTZ,A,29, ,G,-,0.0,0.0,1.0,50.0,0.0,78.1,15.4,-1.0,-0.8,-0.5,-0.2,49.47631438285492,49.47631438285492,0.0,1.0
1KTZ,A,30, ,W,-,0.0,0.0,1.0,77.0,0.0,-93.5,111.8,-2.1,-0.3,-0.2,-0.2,74.33688896801728,74.33688896801728,0.0,1.0
1KTZ,A,31, ,K,-,0.0,0.0,1.0,79.0,0.0,-95.4,-5.5,-0.8,-0.2,-0.2,-0.1,76.76767141279055,145.50077328289967,68.73310187010912,0.52761005787598
1KTZ,A,32, ,W,-,0.0,0.0,1.0,58.0,0.0,-92.8,-5.2,-0.1,-0.6,-0.1,-0.6,56.89594857952265,115.27313846025882,58.37718988073617,0.49357508036564746
1KTZ,A,33, ,V,E,0.0,1.0,0.0,9.0,0.0,-79.9,121.1,-0.3,-0.2,-0.2,-0.1,11.761635948178876,11.761635948178876,0.0,1.0
1KTZ,A,34, ,H,E,0.0,1.0,0.0,41.0,0.0,-80.2,-42.9,-2.0,-0.2,-0.6,-0.2,41.29962704250677,87.01634513693323,45.716718094426454,0.4746191876654396
1KTZ,A,35, ,E,E,0.0,1.0,0.0,124.0,0.0,-153.1,143.4,-1.9,-3.0,-0.2,-0.3,112.77488245926807,112.77488245926807,0.0,1.0
1KTZ,A,36, ,P,-,0.0,0.0,1.0,39.0,0.0,-82.0,171.7,0.0,-0.2,0.0,-0.1,39.18621614158077,39.18621614158077,0.0,1.0
1KTZ,A,37, ,K,S,0.0,0.0,1.0,123.0,0.0,-74.3,-20.5,-0.2,-2.0,-0.1,-0.5,124.01999214231006,128.80444140418646,4.784449261876404,0.9628549356705576
1KTZ,A,38, ,G,E,0.0,1.0,0.0,12.0,0.0,-172.5,-177.7,-0.3,-0.3,-0.1,-0.3,15.671546973106102,15.671546973106102,0.0,1.0
1KTZ,A,39, ,Y,E,0.0,1.0,0.0,29.0,0.0,-162.8,167.7,-2.5,-3.3,-0.3,-1.0,25.50348057776847,25.50348057776847,0.0,1.0
1KTZ,A,40, ,Y,E,0.0,1.0,0.0,140.0,0.0,-80.9,102.3,-0.3,-0.3,-0.3,-0.0,134.10827578051453,134.10827578051453,0.0,1.0
1KTZ,A,41, ,A,-,0.0,0.0,1.0,11.0,0.0,-85.8,-36.2,-2.0,-2.9,-1.0,-0.2,10.649988623693885,10.649988623693885,0.0,1.0
1KTZ,A,42, ,N,-,0.0,0.0,1.0,31.0,0.0,62.2,175.1,-1.9,-0.3,-0.2,-0.2,30.128795081771166,30.128795081771166,0.0,1.0
1KTZ,A,43, ,F,E,0.0,1.0,0.0,87.0,0.0,-157.4,168.0,-1.9,-3.6,-0.1,-0.4,85.28874275781908,85.28874275781908,0.0,1.0
1KTZ,A,44, ,C,E,0.0,1.0,0.0,19.0,0.0,-99.7,135.5,-0.3,-0.3,-0.2,-0.2,22.897054305726886,22.897054305726886,0.0,1.0
1KTZ,A,45, ,S,E,0.0,1.0,0.0,55.0,0.0,-157.9,146.4,-1.9,-2.1,-0.4,-0.1,47.45602421517216,47.45602421517216,0.0,1.0
1KTZ,A,46, ,G,-,0.0,0.0,1.0,26.0,0.0,135.6,152.9,-0.3,-0.3,-0.3,-0.2,30.387570686641233,30.387570686641233,0.0,1.0
1KTZ,A,47, ,P,-,0.0,0.0,1.0,72.0,0.0,-66.0,146.7,0.0,-0.8,0.0,-0.1,70.38389492683687,70.38389492683687,0.0,1.0
1KTZ,A,48, ,C,-,0.0,0.0,1.0,32.0,0.0,-125.4,169.3,-0.3,-0.1,-0.1,-0.1,36.90971207603756,36.90971207603756,0.0,1.0
1KTZ,A,49, ,P,-,0.0,0.0,1.0,77.0,0.0,-69.6,148.7,0.0,-0.1,0.0,0.0,73.21946373104355,73.21946373104355,0.0,1.0
1KTZ,A,50, ,Y,S,0.0,0.0,1.0,181.0,0.0,-51.1,-56.5,-0.2,-0.1,-0.1,-0.0,175.16925435508523,175.16925435508523,0.0,1.0
1KTZ,A,51, ,L,S,0.0,0.0,1.0,115.0,0.0,-96.0,169.1,-0.1,-0.3,-0.0,-0.0,112.9068948005658,112.9068948005658,0.0,1.0
1KTZ,A,52, ,R,-,0.0,0.0,1.0,135.0,0.0,-106.2,145.5,-0.1,-0.0,-0.1,-0.0,134.14518949419423,134.14518949419423,0.0,1.0
1KTZ,A,53, ,S,-,0.0,0.0,1.0,129.0,0.0,-119.5,51.4,-0.3,-0.0,-0.1,-0.0,121.43186172048479,121.43186172048479,0.0,1.0
1KTZ,A,54, ,A,-,0.0,0.0,1.0,136.0,0.0,115.4,0.0,-0.0,-0.1,0.0,0.0,130.05737924027278,130.05737924027278,0.0,1.0
1KTZ,A,73, ,S,-,0.0,0.0,1.0,175.0,0.0,0.0,-138.3,-0.1,-0.3,0.0,0.0,168.50715370397452,168.50715370397452,0.0,1.0
1KTZ,A,74, ,A,-,0.0,0.0,1.0,67.0,0.0,-161.6,159.7,-0.0,-0.1,0.0,-0.1,64.0372402850762,64.0372402850762,0.0,1.0
1KTZ,A,75, ,S,-,0.0,0.0,1.0,56.0,0.0,-55.3,159.6,-0.3,-0.2,-0.1,-0.1,50.67300723846647,50.67300723846647,0.0,1.0
1KTZ,A,76, ,P,-,0.0,0.0,1.0,16.0,0.0,-64.1,152.8,0.0,-0.3,0.0,-0.2,18.24435427676346,18.24435427676346,0.0,1.0
1KTZ,A,77, ,C,-,0.0,0.0,1.0,70.0,0.0,-119.3,157.2,-3.5,-2.1,-0.1,-0.8,68.84800300342032,68.84800300342032,0.0,1.0
1KTZ,A,78, ,C,E,0.0,1.0,0.0,21.0,0.0,-97.5,108.9,-0.2,-0.2,-0.2,-0.1,22.027939243095965,22.027939243095965,0.0,1.0
1KTZ,A,79, ,V,E,0.0,1.0,0.0,53.0,0.0,-132.7,165.6,-2.9,-3.4,-0.8,-0.1,51.57578839337142,51.57578839337142,0.0,1.0
1KTZ,A,80, ,P,E,0.0,1.0,0.0,55.0,0.0,-62.9,147.0,0.0,-0.3,0.0,-0.1,55.392587848034,55.392587848034,0.0,1.0
1KTZ,A,81, ,Q,-,0.0,0.0,1.0,104.0,0.0,-114.1,-76.0,-3.7,-0.6,-0.3,-0.2,101.00885875334968,101.00885875334968,0.0,1.0
1KTZ,A,82, ,D,-,0.0,0.0,1.0,86.0,0.0,-92.9,122.6,-0.2,-3.2,-0.0,-1.3,79.06411150171466,79.06411150171466,0.0,1.0
1KTZ,A,83, ,L,E,0.0,1.0,0.0,49.0,0.0,-107.2,130.2,-0.6,-0.3,-0.2,-0.2,53.99864224368518,53.99864224368518,0.0,1.0
1KTZ,A,84, ,E,E,0.0,1.0,0.0,90.0,0.0,-108.7,164.8,-3.4,-2.7,-0.5,-2.6,83.31389572787049,83.31389572787049,0.0,1.0
1KTZ,A,85, ,P,E,0.0,1.0,0.0,52.0,0.0,-91.7,167.1,0.0,-0.4,0.0,-0.3,61.332575101759915,61.332575101759915,0.0,1.0
1KTZ,A,86, ,L,E,0.0,1.0,0.0,23.0,0.0,-123.6,135.2,-2.9,-2.7,-0.1,-0.6,22.643029050748428,22.643029050748428,0.0,1.0
1KTZ,A,87, ,T,E,0.0,1.0,0.0,82.0,0.0,-95.0,124.6,-0.4,-0.3,-0.2,-0.3,80.87935646188231,80.87935646188231,0.0,1.0
1KTZ,A,88, ,I,E,0.0,1.0,0.0,3.0,0.0,-126.1,164.4,-2.8,-2.5,-0.6,-0.4,3.522248963449756,3.522248963449756,0.0,1.0
1KTZ,A,89, ,L,E,0.0,1.0,0.0,35.0,0.0,-126.6,130.2,-3.0,-2.0,-0.3,-1.9,36.84594036316356,36.84594036316356,0.0,1.0
1KTZ,A,90, ,Y,E,0.0,1.0,0.0,33.0,0.0,-149.1,168.2,-2.6,-3.0,-0.4,-0.4,32.0082476507935,42.700789146980256,10.692541496186756,0.7495938199319457
1KTZ,A,91, ,Y,E,0.0,1.0,0.0,36.0,0.0,-111.5,140.4,-0.6,-2.3,-0.6,-0.5,32.904130391829945,111.55723779865096,78.65310740682102,0.29495289629901406
1KTZ,A,92, ,V,E,0.0,1.0,0.0,24.0,0.0,-124.0,117.2,-2.0,-1.9,-0.4,-0.2,27.40531175845988,75.38047368766225,47.975161929202365,0.3635598241530471
1KTZ,A,93, ,G,T,0.0,0.0,1.0,7.0,0.0,61.8,-146.4,-2.1,-0.2,-0.5,-0.1,8.428238591111915,71.09634399982103,62.66810540870912,0.11854672289665319
1KTZ,A,94, ,R,T,0.0,0.0,1.0,133.0,0.0,-88.2,12.6,-0.1,-0.3,-0.1,-0.1,132.6658266035882,216.9755051008854,84.30967849729723,0.6114322745413294
1KTZ,A,95, ,T,E,0.0,1.0,0.0,74.0,0.0,-99.2,117.5,-1.9,-2.0,-0.0,-0.1,70.21511940650745,71.77766381659893,1.5625444100914763,0.978230770869278
1KTZ,A,96, ,P,E,0.0,1.0,0.0,68.0,0.0,-71.7,144.0,0.0,-0.4,0.0,-0.2,71.318493870338,71.318493870338,0.0,1.0
1KTZ,A,97, ,K,E,0.0,1.0,0.0,96.0,0.0,-136.9,129.0,-3.0,-2.6,-0.1,-0.5,90.13674382108374,90.13674382108374,0.0,1.0
1KTZ,A,98, ,V,E,0.0,1.0,0.0,107.0,0.0,-107.3,123.1,-0.4,-0.3,-0.2,-0.2,109.65328473392144,109.65328473392144,0.0,1.0
1KTZ,A,99, ,E,E,0.0,1.0,0.0,82.0,0.0,-148.5,-179.0,-2.5,-2.8,-0.5,-0.4,75.46680465378287,75.46680465378287,0.0,1.0
1KTZ,A,100, ,Q,E,0.0,1.0,0.0,128.0,0.0,-136.3,139.6,-0.3,-0.4,-0.3,-0.2,124.78163332026166,124.78163332026166,0.0,1.0
1KTZ,A,101, ,L,E,0.0,1.0,0.0,33.0,0.0,-96.8,132.9,-2.7,-2.9,-0.4,-0.4,34.34192739363512,34.34192739363512,0.0,1.0
1KTZ,A,102, ,S,E,0.0,1.0,0.0,83.0,0.0,-86.4,159.1,-0.4,-0.1,-0.3,-0.0,81.38732974101983,81.38732974101983,0.0,1.0
1KTZ,A,103, ,N,E,0.0,1.0,0.0,104.0,0.0,47.6,55.0,-0.3,-0.2,-0.1,-0.1,98.14673825523244,98.14673825523244,0.0,1.0
1KTZ,A,104, ,M,E,0.0,1.0,0.0,30.0,0.0,-105.3,-29.4,-2.7,-0.5,-0.4,-0.1,32.45598219979537,32.45598219979537,0.0,1.0
1KTZ,A,105, ,V,E,0.0,1.0,0.0,26.0,0.0,-112.1,121.0,-2.6,-3.4,-0.0,-0.6,26.920045649223134,26.920045649223134,0.0,1.0
1KTZ,A,106, ,V,E,0.0,1.0,0.0,14.0,0.0,-76.9,119.4,-2.9,-0.2,-0.5,-0.1,15.231603573885142,15.231603573885142,0.0,1.0
1KTZ,A,107, ,K,-,0.0,0.0,1.0,123.0,0.0,-103.0,-31.0,-3.2,-0.3,-0.6,-0.2,120.72775357599595,120.72775357599595,0.0,1.0
1KTZ,A,108, ,S,-,0.0,0.0,1.0,25.0,0.0,-151.2,157.4,-1.3,-3.7,-0.1,-0.3,24.90733195582327,24.90733195582327,0.0,1.0
1KTZ,A,109, ,C,E,0.0,1.0,0.0,21.0,0.0,-120.8,158.8,-0.3,-0.3,-0.3,-0.1,24.73503392473102,24.73503392473102,0.0,1.0
1KTZ,A,110, ,K,E,0.0,1.0,0.0,87.0,0.0,-144.1,153.9,-3.4,-2.9,-0.3,-0.4,81.16730044554403,81.16730044554403,0.0,1.0
1KTZ,A,111, ,C,E,0.0,1.0,0.0,48.0,0.0,-91.4,136.7,-0.3,-0.2,-0.2,-0.0,52.514992388103934,52.514992388103934,0.0,1.0
1KTZ,A,112, ,S,-,0.0,0.0,1.0,53.0,0.0,174.8,0.0,-2.1,-3.5,-0.4,-0.0,51.937940722501736,51.937940722501736,0.0,1.0
1KTZ,B,25, ,P,-,0.0,0.0,1.0,141.0,0.0,0.0,128.9,0.0,-0.0,0.0,-0.0,137.83035883466528,137.83035883466528,0.0,1.0
1KTZ,B,26, ,Q,-,0.0,0.0,1.0,34.0,0.0,-57.7,128.0,-0.2,-2.4,-0.1,-0.4,33.761853254100785,33.761853254100785,0.0,1.0
1KTZ,B,27, ,L,E,0.0,1.0,0.0,11.0,0.0,-110.4,137.7,-0.2,-2.2,-0.0,-0.5,12.076282160399161,51.95317221088389,39.87689005048473,0.2324455205811138
1KTZ,B,28, ,C,E,0.0,1.0,0.0,0.0,0.0,-144.2,153.5,-2.3,-3.7,-0.4,-0.2,0.0,0.0,0.0,0.0
1KTZ,B,29, ,K,E,0.0,1.0,0.0,17.0,0.0,-70.5,139.4,-0.3,-0.3,-0.2,-0.2,17.649892951872634,18.33338570356926,0.683492751696626,0.9627186836764384
1KTZ,B,30, ,F,-,0.0,0.0,1.0,12.0,0.0,-146.5,66.8,-2.2,-0.2,-0.2,-0.1,15.661996531439188,67.18591199411209,51.5239154626729,0.23311429534232928
1KTZ,B,31, ,C,-,0.0,0.0,1.0,6.0,0.0,-97.8,4.6,-0.4,-0.1,-0.1,-0.1,12.07586851736644,12.07586851736644,0.0,1.0
1KTZ,B,32, ,D,E,0.0,1.0,0.0,42.0,0.0,55.2,-146.7,-2.2,-1.8,-0.1,-0.5,40.99826584022034,77.20256077483002,36.20429493460968,0.5310480044800121
1KTZ,B,33, ,V,E,0.0,1.0,0.0,82.0,0.0,-87.3,124.2,-0.2,-0.3,-0.1,-0.2,87.25503156578051,87.25503156578051,0.0,1.0
1KTZ,B,34, ,R,E,0.0,1.0,0.0,130.0,0.0,-133.0,153.6,-2.4,-3.1,-0.5,-0.0,116.85572754047715,116.85572754047715,0.0,1.0
1KTZ,B,35, ,F,E,0.0,1.0,0.0,147.0,0.0,-68.1,156.7,-0.3,-0.3,-0.2,-0.3,153.1357741279465,153.1357741279465,0.0,1.0
1KTZ,B,36, ,S,-,0.0,0.0,1.0,28.0,0.0,-147.9,156.9,-2.1,-0.4,-0.1,-0.1,28.78990196168569,28.78990196168569,0.0,1.0
1KTZ,B,37, ,T,-,0.0,0.0,1.0,126.0,0.0,-107.1,3.4,-0.3,-0.4,-0.1,-0.1,127.96650010365771,127.96650010365771,0.0,1.0
1KTZ,B,38, ,C,-,0.0,0.0,1.0,5.0,0.0,-57.9,111.3,-0.1,-0.3,-0.1,-0.1,7.69166601353901,7.69166601353901,0.0,1.0
1KTZ,B,39, ,D,-,0.0,0.0,1.0,34.0,0.0,-163.7,139.4,-0.4,-0.1,-0.0,-0.0,36.667512299405985,36.667512299405985,0.0,1.0
1KTZ,B,40, ,N,S,0.0,0.0,1.0,156.0,0.0,54.4,39.0,-0.3,-0.4,-0.2,-0.1,151.075953561703,151.075953561703,0.0,1.0
1KTZ,B,41, ,Q,-,0.0,0.0,1.0,90.0,0.0,-128.1,140.5,-0.1,-0.2,-0.0,-0.1,84.30751079836625,84.30751079836625,0.0,1.0
1KTZ,B,42, ,K,S,0.0,0.0,1.0,101.0,0.0,-62.9,-37.8,-0.4,-3.0,-0.2,-0.3,101.56464707267483,101.56464707267483,0.0,1.0
1KTZ,B,43, ,S,E,0.0,1.0,0.0,41.0,0.0,-148.3,162.7,-0.2,-0.3,-0.1,-0.2,41.9158975653982,41.9158975653982,0.0,1.0
1KTZ,B,44, ,C,E,0.0,1.0,0.0,6.0,0.0,-146.4,150.7,-2.2,-2.7,-0.3,-0.3,6.6918541515340575,6.6918541515340575,0.0,1.0
1KTZ,B,45, ,M,E,0.0,1.0,0.0,141.0,0.0,-91.5,147.1,-0.3,-0.2,-0.2,-0.1,146.92322622258592,146.92322622258592,0.0,1.0
1KTZ,B,46, ,S,-,0.0,0.0,1.0,16.0,0.0,-74.5,-25.6,-2.4,-0.1,-0.3,-0.1,18.764717211928563,18.764717211928563,0.0,1.0
1KTZ,B,47, ,N,-,0.0,0.0,1.0,142.0,0.0,55.3,33.0,-0.3,-0.5,-0.2,-0.1,140.2613520279457,140.2613520279457,0.0,1.0
1KTZ,B,48, ,C,-,0.0,0.0,1.0,10.0,0.0,-99.0,124.6,-0.1,-0.2,-0.1,-0.1,10.698287992748948,10.698287992748948,0.0,1.0
1KTZ,B,49, ,S,-,0.0,0.0,1.0,90.0,0.0,-87.3,-0.6,-0.5,-0.8,-0.1,-0.1,86.27244348549888,117.48150661713342,31.209063131634537,0.7343491411516931
1KTZ,B,50, ,I,-,0.0,0.0,1.0,20.0,0.0,-101.0,108.1,-0.0,-2.2,-0.0,-0.6,23.0204128682609,78.37003943675705,55.34962656849615,0.2937399678972713
1KTZ,B,51, ,T,E,0.0,1.0,0.0,8.0,0.0,-103.8,123.3,-0.8,-0.6,-0.2,-0.3,8.33266479760502,56.318580136661225,47.985915339056206,0.14795587490638415
1KTZ,B,52, ,S,E,0.0,1.0,0.0,0.0,0.0,-114.9,148.0,-3.7,-2.3,-0.6,-0.7,0.0,26.939502579724362,26.939502579724362,0.0
1KTZ,B,53, ,I,E,0.0,1.0,0.0,36.0,0.0,-85.0,116.6,-2.3,-2.1,-0.3,-0.2,37.73838175124738,118.49307850763833,80.75469675639096,0.3184859590665009
1KTZ,B,54, ,C,-,0.0,0.0,1.0,12.0,0.0,-58.4,134.4,-2.4,-0.1,-0.7,-0.1,13.632506733269157,14.330537204970273,0.6980304717011165,0.9512906975002292
1KTZ,B,55, ,E,S,0.0,0.0,1.0,131.0,0.0,-68.9,-18.3,-0.1,-0.2,-0.0,-0.0,127.12206356031768,166.44903876074255,39.32697520042487,0.7637296346483904
1KTZ,B,56, ,K,S,0.0,0.0,1.0,95.0,0.0,-123.1,132.0,-0.1,-1.9,-0.1,-0.1,93.3480091457485,93.3480091457485,0.0,1.0
1KTZ,B,57, ,P,T,0.0,0.0,1.0,125.0,0.0,-48.3,-33.1,0.0,-0.2,0.0,-0.1,123.65807150563793,123.65807150563793,0.0,1.0
1KTZ,B,58, ,Q,T,0.0,0.0,1.0,83.0,0.0,-86.4,-6.3,-0.0,-0.1,-0.0,-0.1,80.15726924443635,80.15726924443635,0.0,1.0
1KTZ,B,59, ,E,-,0.0,0.0,1.0,12.0,0.0,-69.1,149.6,-1.9,-0.3,-0.2,-0.2,15.62544410091467,15.62544410091467,0.0,1.0
1KTZ,B,60, ,V,E,0.0,1.0,0.0,12.0,0.0,-123.0,178.7,-2.8,-2.4,-0.0,-0.3,11.447309131211705,11.447309131211705,0.0,1.0
1KTZ,B,61, ,C,E,0.0,1.0,0.0,0.0,0.0,-89.8,146.8,-2.6,-1.8,-0.2,-0.3,0.0,0.0,0.0,0.0
1KTZ,B,62, ,V,E,0.0,1.0,0.0,0.0,0.0,-134.3,146.1,-2.4,-1.6,-0.3,-0.4,0.5031784233499651,0.5031784233499651,0.0,1.0
1KTZ,B,63, ,A,E,0.0,1.0,0.0,0.0,0.0,-137.8,137.8,-2.3,-2.0,-0.3,-0.4,0.0,0.0,0.0,0.0
1KTZ,B,64, ,V,E,0.0,1.0,0.0,0.0,0.0,-128.8,126.2,-2.4,-3.0,-0.4,-0.5,0.8928825200522669,0.8928825200522669,0.0,1.0
1KTZ,B,65, ,W,E,0.0,1.0,0.0,17.0,0.0,-115.5,128.5,-3.0,-3.0,-0.4,-0.4,18.994985481461185,18.994985481461185,0.0,1.0
1KTZ,B,66, ,R,E,0.0,1.0,0.0,58.0,0.0,-142.7,142.3,-2.2,-2.9,-0.5,-0.4,61.165687155016556,61.165687155016556,0.0,1.0
1KTZ,B,67, ,K,E,0.0,1.0,0.0,76.0,0.0,-128.9,119.7,-2.2,-2.4,-0.4,-0.2,74.78412086219456,74.78412086219456,0.0,1.0
1KTZ,B,68, ,N,-,0.0,0.0,1.0,65.0,0.0,-112.5,-168.4,-2.0,-0.1,-0.4,-0.0,68.91519774328978,68.91519774328978,0.0,1.0
1KTZ,B,69, ,D,S,0.0,0.0,1.0,166.0,0.0,-76.7,-0.9,-0.4,-0.1,-0.2,-0.1,154.85839970069856,154.85839970069856,0.0,1.0
1KTZ,B,70, ,E,S,0.0,0.0,1.0,156.0,0.0,-112.4,-34.2,-0.3,-0.3,0.0,-0.2,150.12810495118535,150.12810495118535,0.0,1.0
1KTZ,B,71, ,N,-,0.0,0.0,1.0,27.0,0.0,-164.6,179.5,-0.0,-2.0,-0.0,-0.4,25.8375235066308,25.8375235066308,0.0,1.0
1KTZ,B,72, ,I,E,0.0,1.0,0.0,19.0,0.0,-122.6,137.0,-0.4,-2.1,-0.3,-0.3,20.131656900428958,20.131656900428958,0.0,1.0
1KTZ,B,73, ,T,E,0.0,1.0,0.0,22.0,0.0,-129.9,157.7,-2.9,-2.2,-0.4,-0.4,23.01409303103943,23.01409303103943,0.0,1.0
1KTZ,B,74, ,L,E,0.0,1.0,0.0,6.0,0.0,-134.0,126.4,-3.1,-2.4,-0.3,-0.5,8.590994034518891,8.590994034518891,0.0,1.0
1KTZ,B,75, ,E,E,0.0,1.0,0.0,13.0,0.0,-111.6,131.0,-3.0,-2.4,-0.4,-0.4,16.00115109334829,16.00115109334829,0.0,1.0
1KTZ,B,76, ,T,E,0.0,1.0,0.0,3.0,0.0,-124.6,130.9,-1.8,-2.2,-0.5,-0.3,2.8753636201490815,2.8753636201490815,0.0,1.0
1KTZ,B,77, ,V,E,0.0,1.0,0.0,1.0,0.0,-152.2,171.9,-1.6,-2.4,-0.4,-0.3,2.390097510912334,4.151221992637212,1.761124481724878,0.5757575757575757
1KTZ,B,78, ,C,E,0.0,1.0,0.0,5.0,0.0,-95.0,150.7,-0.3,-0.3,-0.2,-0.2,8.776526024664392,9.04460859777072,0.2680825731063283,0.9703599586197236
1KTZ,B,79, ,H,E,0.0,1.0,0.0,36.0,0.0,-163.9,140.6,-2.4,-2.8,-0.3,-0.1,36.24923410852235,36.24923410852235,0.0,1.0
1KTZ,B,80, ,D,-,0.0,0.0,1.0,7.0,0.0,-73.0,116.9,-0.3,-2.2,-0.3,-0.2,10.709813710796809,10.709813710796809,0.0,1.0
1KTZ,B,81, ,P,T,0.0,0.0,1.0,45.0,0.0,-62.7,-13.0,0.0,-0.5,0.0,-0.1,47.776990264613914,47.776990264613914,0.0,1.0
1KTZ,B,82, ,K,T,0.0,0.0,1.0,155.0,0.0,-80.0,-8.3,-0.1,-0.1,-0.1,-0.0,151.19404341155757,151.19404341155757,0.0,1.0
1KTZ,B,83, ,L,S,0.0,0.0,1.0,77.0,0.0,-111.4,144.7,-2.2,-0.2,-0.0,-0.1,76.08968822921013,76.08968822921013,0.0,1.0
1KTZ,B,84, ,P,-,0.0,0.0,1.0,80.0,0.0,-69.7,158.8,0.0,-0.4,0.0,-0.2,83.1145642919941,83.1145642919941,0.0,1.0
1KTZ,B,85, ,Y,B,0.0,0.0,1.0,37.0,0.0,-138.2,126.5,-2.0,-2.1,-0.1,-0.0,38.44054865327573,40.89597558341946,2.45542693014373,0.9399592039286321
1KTZ,B,86, ,H,T,0.0,0.0,1.0,64.0,0.0,52.9,32.7,-0.4,-0.1,-0.3,-0.1,68.015588287968,68.015588287968,0.0,1.0
1KTZ,B,87, ,D,T,0.0,0.0,1.0,139.0,0.0,66.2,19.0,-0.2,-0.3,0.0,-0.3,132.80357366047562,132.80357366047562,0.0,1.0
1KTZ,B,88, ,F,B,0.0,0.0,1.0,44.0,0.0,-120.8,165.4,-2.1,-2.0,-0.1,-0.3,42.01539834972208,42.01539834972208,0.0,1.0
1KTZ,B,89, ,I,-,0.0,0.0,1.0,108.0,0.0,-91.6,146.8,-0.3,-1.1,-0.2,-0.1,110.44853440828177,110.44853440828177,0.0,1.0
1KTZ,B,90, ,L,-,0.0,0.0,1.0,9.0,0.0,-97.4,73.1,-0.5,-1.2,-0.3,-0.0,12.553198178162056,12.553198178162056,0.0,1.0
1KTZ,B,91, ,E,T,0.0,0.0,1.0,172.0,0.0,-66.9,-18.2,-1.1,-0.2,-0.2,-0.2,161.87494923395357,161.87494923395357,0.0,1.0
1KTZ,B,92, ,D,T,0.0,0.0,1.0,20.0,0.0,-102.9,13.5,-0.2,-2.2,-0.1,-0.2,22.672974973721832,22.672974973721832,0.0,1.0
1KTZ,B,93, ,A,T,0.0,0.0,1.0,15.0,0.0,-48.0,-33.1,-1.2,-0.2,-0.3,-0.2,15.30908702969512,15.30908702969512,0.0,1.0
1KTZ,B,94, ,A,T,0.0,0.0,1.0,95.0,0.0,-72.1,-18.8,-0.2,-0.3,-0.1,-0.1,96.08956055380875,96.08956055380875,0.0,1.0
1KTZ,B,95, ,S,-,0.0,0.0,1.0,41.0,0.0,-62.3,141.0,-2.2,-2.7,-0.1,-0.1,37.79681799259803,37.79681799259803,0.0,1.0
1KTZ,B,96, ,P,S,0.0,0.0,1.0,74.0,0.0,-80.6,-17.3,0.0,-0.3,0.0,-0.3,75.54695715435147,75.54695715435147,0.0,1.0
1KTZ,B,97, ,K,S,0.0,0.0,1.0,95.0,0.0,-116.8,154.4,-0.1,-1.0,-0.1,-0.2,91.42429939021874,91.42429939021874,0.0,1.0
1KTZ,B,98, ,C,E,0.0,1.0,0.0,0.0,0.0,-93.7,98.6,-0.7,-2.7,-0.6,-0.8,0.2278309172322098,0.2278309172322098,0.0,1.0
1KTZ,B,99, ,I,E,0.0,1.0,0.0,27.0,0.0,-101.1,109.3,-1.0,-0.2,-0.4,-0.2,31.05938849463896,31.05938849463896,0.0,1.0
1KTZ,B,100, ,M,E,0.0,1.0,0.0,5.0,0.0,-61.5,130.8,-2.5,-0.7,-0.8,-0.4,6.585008585385468,6.585008585385468,0.0,1.0
1KTZ,B,101, ,K,E,0.0,1.0,0.0,75.0,0.0,-126.8,137.3,-2.0,-2.3,-0.1,-0.1,77.63628120260302,77.63628120260302,0.0,1.0
1KTZ,B,102, ,E,E,0.0,1.0,0.0,125.0,0.0,-73.0,144.0,-0.4,-0.3,-0.2,-0.2,119.03927711538837,119.03927711538837,0.0,1.0
1KTZ,B,103, ,K,E,0.0,1.0,0.0,69.0,0.0,-120.2,147.4,-2.7,-0.6,-0.1,-0.5,66.91977589945405,66.91977589945405,0.0,1.0
1KTZ,B,104, ,K,-,0.0,0.0,1.0,184.0,0.0,-77.5,121.7,-0.3,-0.1,-0.1,-0.0,173.61823566304162,173.61823566304162,0.0,1.0
1KTZ,B,105, ,K,-,0.0,0.0,1.0,72.0,0.0,-149.9,118.1,-0.5,-1.2,-0.4,-0.1,72.5623642846279,72.5623642846279,0.0,1.0
1KTZ,B,106, ,P,T,0.0,0.0,1.0,99.0,0.0,-65.7,140.7,0.0,-0.1,0.0,-0.0,101.97355284547527,101.97355284547527,0.0,1.0
1KTZ,B,107, ,G,T,0.0,0.0,1.0,76.0,0.0,80.1,10.6,-0.1,-0.4,-0.0,-0.3,74.30723364236432,74.30723364236432,0.0,1.0
1KTZ,B,108, ,E,S,0.0,0.0,1.0,43.0,0.0,-167.5,174.2,-1.2,-0.5,-0.1,-0.4,46.19366421911894,46.19366421911894,0.0,1.0
1KTZ,B,109, ,T,E,0.0,1.0,0.0,70.0,0.0,-112.5,126.4,-2.4,-2.2,-0.3,-0.4,64.47039260817765,64.47039260817765,0.0,1.0
1KTZ,B,110, ,F,E,0.0,1.0,0.0,2.0,0.0,-127.7,126.0,-0.6,-2.7,-0.5,-0.4,2.176626290100908,2.176626290100908,0.0,1.0
1KTZ,B,111, ,F,E,0.0,1.0,0.0,31.0,0.0,-131.0,144.8,-3.0,-3.0,-0.4,-0.3,36.103051875359995,36.103051875359995,0.0,1.0
1KTZ,B,112, ,M,E,0.0,1.0,0.0,8.0,0.0,-145.4,153.6,-2.3,-2.0,-0.4,-0.3,9.32784935543062,9.32784935543062,0.0,1.0
1KTZ,B,113, ,C,E,0.0,1.0,0.0,1.0,0.0,-150.7,156.2,-2.0,-2.3,-0.3,-0.3,1.257946058374913,1.257946058374913,0.0,1.0
1KTZ,B,114, ,S,E,0.0,1.0,0.0,0.0,0.0,-132.9,163.8,-0.3,-0.4,-0.2,-0.3,0.0,0.0,0.0,0.0
1KTZ,B,115, ,C,E,0.0,1.0,0.0,0.0,0.0,-167.9,162.8,-1.8,-2.6,-0.3,-0.1,0.0,0.0,0.0,0.0
1KTZ,B,116, ,S,-,0.0,0.0,1.0,46.0,0.0,-134.3,57.3,-2.7,-0.3,-0.3,-0.1,47.03308730418263,47.03308730418263,0.0,1.0
1KTZ,B,117, ,S,S,0.0,0.0,1.0,47.0,0.0,-134.0,154.0,-0.3,-2.1,-0.1,-0.2,41.61937441579831,41.61937441579831,0.0,1.0
1KTZ,B,118, ,D,T,0.0,0.0,1.0,73.0,0.0,-52.7,132.7,-0.3,-0.2,-0.3,-0.1,73.63738194776896,91.40579017350133,17.768408225732372,0.8056095987791869
1KTZ,B,119, ,E,T,0.0,0.0,1.0,25.0,0.0,54.1,20.8,-2.2,-2.2,-0.2,-0.3,28.62597758401219,78.56206928770774,49.93609170369555,0.36437402735891494
1KTZ,B,120, ,C,G,0.0,0.0,1.0,14.0,0.0,-61.4,-23.5,-2.1,-1.0,-0.5,-0.6,12.34878390717154,12.34878390717154,0.0,1.0
1KTZ,B,121, ,N,G,0.0,0.0,1.0,0.0,0.0,-84.3,13.0,-0.2,-0.3,-0.2,-0.1,0.0,0.0,0.0,0.0
1KTZ,B,122, ,D,G,0.0,0.0,1.0,52.0,0.0,-81.6,-22.1,-2.2,-2.4,-0.2,-0.5,52.14179343380542,52.14179343380542,0.0,1.0
1KTZ,B,123, ,N,E,0.0,1.0,0.0,75.0,0.0,-124.0,109.4,-1.0,-0.7,-0.3,-0.5,70.92698466685682,70.92698466685682,0.0,1.0
1KTZ,B,124, ,I,E,0.0,1.0,0.0,0.0,0.0,-103.4,132.8,-2.7,-2.2,-0.5,-0.5,0.12579460583749127,0.12579460583749127,0.0,1.0
1KTZ,B,125, ,I,E,0.0,1.0,0.0,6.0,0.0,-110.9,126.2,-2.7,-2.5,-0.5,-0.4,10.315157678674284,10.315157678674284,0.0,1.0
1KTZ,B,126, ,F,E,0.0,1.0,0.0,30.0,0.0,-97.8,136.8,-3.0,-0.1,-0.5,-0.0,31.653959775272668,31.653959775272668,0.0,1.0
1KTZ,B,127, ,S,S,0.0,0.0,1.0,74.0,0.0,61.1,179.6,-0.7,-0.2,-0.4,-0.0,70.21042796147809,70.21042796147809,0.0,1.0
1KTZ,B,128, ,E,-,0.0,0.0,1.0,142.0,0.0,-76.4,157.3,-0.1,-0.1,-0.1,-0.0,132.60974132073994,132.60974132073994,0.0,1.0
1KTZ,B,129, ,E,-,0.0,0.0,1.0,111.0,0.0,-66.8,153.4,-0.1,-0.1,-0.1,-0.0,109.27683030423566,109.27683030423566,0.0,1.0
1KTZ,B,130, ,Y,-,0.0,0.0,1.0,286.0,0.0,-80.8,0.0,-0.0,-0.1,0.0,0.0,274.1144964510683,274.1144964510683,0.0,1.0
